{"type": "block", "layer": 0, "block": 0, "features": [{"geom": {"polygons": [[[[-165.84180272050435, 32.95209463802166], [-165.84180272050435, 34.773281215690076], [-137.9548832513974, 34.20416041021235], [-139.09312486241106, 0.7398570473305881], [-167.09386849257862, 2.333395302761346], [-165.84180272050435, 32.95209463802166]]]], "centroids": [[-152.40734918531962, 17.98843944980763, 0.0]], "h": 3.0}, "mtl": {"face": 0}, "prop": ["1", "0", "3,000", "1"]}], "featureCount": 1, "startIndex": 0}