{"type": "block", "layer": 3, "block": 0, "features": [{"geom": {"polygons": [[[[-55.886710538179614, 51.148397468496114], [-48.40576378797414, 54.25025343801826], [-38.552809531625826, 57.35210940777324], [-31.80171124485787, 58.264419987099245], [-23.682147089159116, 58.264419987099245], [-16.1099692810094, 57.443340465659276], [-10.271181573509239, 56.25733671267517], [-0.8743826068239287, 52.79055651137605], [4.690711926843505, 49.87116265762597], [9.617189055075869, 46.95176880387589], [-3.520083286741283, 12.192735732765868], [-10.453643689397722, 13.743663717526942], [-15.83627610723488, 15.56828487617895], [-18.66443890304072, 15.56828487617895], [-27.69631363800727, 15.385822760174051], [-37.91419212613255, 14.929667470511049], [-44.665290412900504, 13.926125833299011], [-55.886710538179614, 51.148397468496114]]]], "centroids": [[-23.581417421693914, 36.591684548184276, 0.0]], "h": 9.0}, "mtl": {"face": 0, "edge": 1}, "prop": ["1", "0", "9,000", "1"]}, {"geom": {"polygons": [[[[-55.886710538179614, 51.148397468496114], [-48.40576378797414, 54.25025343801826], [-38.552809531625826, 57.35210940777324], [-31.80171124485787, 58.264419987099245], [-23.682147089159116, 58.264419987099245], [-16.1099692810094, 57.443340465659276], [-10.271181573509239, 56.25733671267517], [-0.8743826068239287, 52.79055651137605], [4.690711926843505, 49.87116265762597], [9.617189055075869, 46.95176880387589], [-3.520083286741283, 12.192735732765868], [-10.453643689397722, 13.743663717526942], [-15.83627610723488, 15.56828487617895], [-18.66443890304072, 15.56828487617895], [-27.69631363800727, 15.385822760174051], [-37.91419212613255, 14.929667470511049], [-44.665290412900504, 13.926125833299011], [-55.886710538179614, 51.148397468496114]]]], "centroids": [[-23.581417421693914, 36.591684548184276, 9.0]], "h": 3.0}, "mtl": {"face": 0, "edge": 1}, "prop": ["2", "9,000", "3,000", "2"]}, {"geom": {"polygons": [[[[-55.886710538179614, 51.148397468496114], [-48.40576378797414, 54.25025343801826], [-38.552809531625826, 57.35210940777324], [-31.80171124485787, 58.264419987099245], [-23.682147089159116, 58.264419987099245], [-16.1099692810094, 57.443340465659276], [-10.271181573509239, 56.25733671267517], [-0.8743826068239287, 52.79055651137605], [4.690711926843505, 49.87116265762597], [9.617189055075869, 46.95176880387589], [-3.520083286741283, 12.192735732765868], [-10.453643689397722, 13.743663717526942], [-15.83627610723488, 15.56828487617895], [-18.66443890304072, 15.56828487617895], [-27.69631363800727, 15.385822760174051], [-37.91419212613255, 14.929667470511049], [-44.665290412900504, 13.926125833299011], [-55.886710538179614, 51.148397468496114]]]], "centroids": [[-23.581417421693914, 36.591684548184276, 12.0]], "h": 3.0}, "mtl": {"face": 0, "edge": 1}, "prop": ["3", "12,000", "3,000", "3"]}, {"geom": {"polygons": [[[[-55.886710538179614, 51.148397468496114], [-48.40576378797414, 54.25025343801826], [-38.552809531625826, 57.35210940777324], [-31.80171124485787, 58.264419987099245], [-23.682147089159116, 58.264419987099245], [-16.1099692810094, 57.443340465659276], [-10.271181573509239, 56.25733671267517], [-0.8743826068239287, 52.79055651137605], [4.690711926843505, 49.87116265762597], [9.617189055075869, 46.95176880387589], [-3.520083286741283, 12.192735732765868], [-10.453643689397722, 13.743663717526942], [-15.83627610723488, 15.56828487617895], [-18.66443890304072, 15.56828487617895], [-27.69631363800727, 15.385822760174051], [-37.91419212613255, 14.929667470511049], [-44.665290412900504, 13.926125833299011], [-55.886710538179614, 51.148397468496114]]]], "centroids": [[-23.581417421693914, 36.591684548184276, 15.0]], "h": 3.0}, "mtl": {"face": 0, "edge": 1}, "prop": ["4", "15,000", "3,000", "4"]}, {"geom": {"polygons": [[[[-55.886710538179614, 51.148397468496114], [-48.40576378797414, 54.25025343801826], [-38.552809531625826, 57.35210940777324], [-31.80171124485787, 58.264419987099245], [-23.682147089159116, 58.264419987099245], [-16.1099692810094, 57.443340465659276], [-10.271181573509239, 56.25733671267517], [-0.8743826068239287, 52.79055651137605], [4.690711926843505, 49.87116265762597], [9.617189055075869, 46.95176880387589], [-3.520083286741283, 12.192735732765868], [-10.453643689397722, 13.743663717526942], [-15.83627610723488, 15.56828487617895], [-18.66443890304072, 15.56828487617895], [-27.69631363800727, 15.385822760174051], [-37.91419212613255, 14.929667470511049], [-44.665290412900504, 13.926125833299011], [-55.886710538179614, 51.148397468496114]]]], "centroids": [[-23.581417421693914, 36.591684548184276, 18.0]], "h": 3.0}, "mtl": {"face": 0, "edge": 1}, "prop": ["5", "18,000", "3,000", "5"]}, {"geom": {"polygons": [[[[-55.886710538179614, 51.148397468496114], [-48.40576378797414, 54.25025343801826], [-38.552809531625826, 57.35210940777324], [-31.80171124485787, 58.264419987099245], [-23.682147089159116, 58.264419987099245], [-16.1099692810094, 57.443340465659276], [-10.271181573509239, 56.25733671267517], [-0.8743826068239287, 52.79055651137605], [4.690711926843505, 49.87116265762597], [9.617189055075869, 46.95176880387589], [-3.520083286741283, 12.192735732765868], [-10.453643689397722, 13.743663717526942], [-15.83627610723488, 15.56828487617895], [-18.66443890304072, 15.56828487617895], [-27.69631363800727, 15.385822760174051], [-37.91419212613255, 14.929667470511049], [-44.665290412900504, 13.926125833299011], [-55.886710538179614, 51.148397468496114]]]], "centroids": [[-23.581417421693914, 36.591684548184276, 21.0]], "h": 3.0}, "mtl": {"face": 0, "edge": 1}, "prop": ["6", "21,000", "3,000", "6"]}, {"geom": {"polygons": [[[[-55.886710538179614, 51.148397468496114], [-48.40576378797414, 54.25025343801826], [-38.552809531625826, 57.35210940777324], [-31.80171124485787, 58.264419987099245], [-23.682147089159116, 58.264419987099245], [-16.1099692810094, 57.443340465659276], [-10.271181573509239, 56.25733671267517], [-0.8743826068239287, 52.79055651137605], [4.690711926843505, 49.87116265762597], [9.617189055075869, 46.95176880387589], [-3.520083286741283, 12.192735732765868], [-10.453643689397722, 13.743663717526942], [-15.83627610723488, 15.56828487617895], [-18.66443890304072, 15.56828487617895], [-27.69631363800727, 15.385822760174051], [-37.91419212613255, 14.929667470511049], [-44.665290412900504, 13.926125833299011], [-55.886710538179614, 51.148397468496114]]]], "centroids": [[-23.581417421693914, 36.591684548184276, 24.0]], "h": 3.0}, "mtl": {"face": 0, "edge": 1}, "prop": ["7", "24,000", "3,000", "7"]}, {"geom": {"polygons": [[[[-55.886710538179614, 51.148397468496114], [-48.40576378797414, 54.25025343801826], [-38.552809531625826, 57.35210940777324], [-31.80171124485787, 58.264419987099245], [-23.682147089159116, 58.264419987099245], [-16.1099692810094, 57.443340465659276], [-10.271181573509239, 56.25733671267517], [-0.8743826068239287, 52.79055651137605], [4.690711926843505, 49.87116265762597], [9.617189055075869, 46.95176880387589], [-3.520083286741283, 12.192735732765868], [-10.453643689397722, 13.743663717526942], [-15.83627610723488, 15.56828487617895], [-18.66443890304072, 15.56828487617895], [-27.69631363800727, 15.385822760174051], [-37.91419212613255, 14.929667470511049], [-44.665290412900504, 13.926125833299011], [-55.886710538179614, 51.148397468496114]]]], "centroids": [[-23.581417421693914, 36.591684548184276, 27.0]], "h": 3.0}, "mtl": {"face": 0, "edge": 1},